date,portfolio,benchmark,drawdown
2022-09-01,0.012674,0.011813,0.0
2022-09-02,-0.030319,-0.036235,-0.030319
2022-09-05,-0.009068,-0.01378,-0.039112
2022-09-06,-0.002559,-0.001688,-0.04157
2022-09-07,0.004353,0.007468,-0.037399
2022-09-08,-0.003475,-0.006299,-0.040744
2022-09-09,-0.025941,-0.023919,-0.065628
2022-09-12,0.001958,-0.002243,-0.063798
2022-09-13,0.009122,0.02214,-0.055258
2022-09-14,-0.022436,-0.035247,-0.076455
2022-09-15,0.008288,0.032112,-0.0688
2022-09-16,-0.004579,0.013464,-0.073065
2022-09-19,0.000229,-0.012029,-0.072853
2022-09-20,-0.001891,0.00637,-0.074605
2022-09-21,-0.009337,-0.005227,-0.083246
2022-09-22,0.026702,0.013469,-0.058767
2022-09-23,0.018597,0.00848,-0.041262
2022-09-26,0.010145,0.028072,-0.031536
2022-09-27,0.003386,0.000899,-0.028257
2022-09-28,0.005068,0.003736,-0.023332
2022-09-29,0.013996,0.01911,-0.009663
2022-09-30,0.015025,0.013386,0.0
2022-10-03,0.00641,0.013623,0.0
2022-10-04,-0.000282,0.012335,-0.000282
2022-10-05,0.001186,-0.013069,0.0
2022-10-06,-0.010267,-0.021499,-0.010267
2022-10-07,-0.00134,0.021666,-0.011594
2022-10-10,-0.008293,-0.014679,-0.019791
2022-10-11,0.02311,0.034371,0.0
2022-10-12,-0.002631,0.004959,-0.002631
2022-10-13,0.0107,0.028036,0.0
2022-10-14,0.010347,0.024713,0.0
2022-10-17,0.0079,0.008064,0.0
2022-10-18,0.014314,0.048953,0.0
2022-10-19,-0.010508,-0.017411,-0.010508
2022-10-20,-0.001615,0.0045,-0.012106
2022-10-21,-0.016378,-0.00074,-0.028286
2022-10-24,-0.008541,-0.017381,-0.036586
2022-10-25,0.012976,0.01245,-0.024085
2022-10-26,0.010529,-0.002452,-0.013809
2022-10-27,-0.007004,-0.001217,-0.020716
2022-10-28,-0.008426,0.00736,-0.028968
2022-10-31,-0.004467,-0.002528,-0.033305
2022-11-01,0.002887,-0.02733,-0.030514
2022-11-02,-0.009482,-0.012525,-0.039707
2022-11-03,-0.000821,-0.000701,-0.040495
2022-11-04,0.006833,0.013716,-0.033939
2022-11-07,-0.003764,0.041386,-0.037575
2022-11-08,-0.020926,-0.027252,-0.057715
2022-11-09,0.003887,0.010362,-0.054052
2022-11-10,0.006766,-0.000568,-0.047652
2022-11-11,-0.002665,0.016913,-0.05019
2022-11-14,0.007734,0.000952,-0.042844
2022-11-15,-0.0136,-0.021694,-0.055862
2022-11-16,-0.008937,-0.003784,-0.064299
2022-11-17,0.005029,0.005524,-0.059594
2022-11-18,-0.021576,-0.022544,-0.079884
2022-11-21,0.015414,0.019377,-0.065701
2022-11-22,0.013032,-0.000928,-0.053525
2022-11-23,0.00242,0.007049,-0.051235
2022-11-24,-0.005497,-0.024559,-0.05645
2022-11-25,0.005305,0.013485,-0.051445
2022-11-28,0.010771,0.005291,-0.041228
2022-11-29,0.004341,-0.003154,-0.037066
2022-11-30,-0.000874,0.0207,-0.037907
2022-12-01,0.000916,0.013744,-0.037026
2022-12-02,-0.011348,-0.011491,-0.047954
2022-12-05,0.000464,-0.014423,-0.047512
2022-12-06,9.7e-05,-0.017442,-0.04742
2022-12-07,0.011149,0.007105,-0.0368
2022-12-08,0.015589,-0.013926,-0.021785
2022-12-09,-0.008874,-0.026022,-0.030465
2022-12-12,-0.00144,0.007372,-0.031861
2022-12-13,0.016908,0.017448,-0.015492
2022-12-14,-0.01719,-0.008152,-0.032415
2022-12-15,-0.006579,-0.016662,-0.038781
2022-12-16,0.002452,-0.016129,-0.036424
2022-12-19,0.013228,0.029994,-0.023679
2022-12-20,0.004879,-0.015685,-0.018915
2022-12-21,0.015854,0.019668,-0.003361
2022-12-22,0.016571,0.015158,0.0
2022-12-23,0.008799,0.015782,0.0
2022-12-26,0.015108,0.023704,0.0
2022-12-27,0.028084,0.036854,0.0
2022-12-28,-0.004185,0.009401,-0.004185
2022-12-29,-0.025749,-0.011674,-0.029826
2022-12-30,0.018525,0.020199,-0.011853
2023-01-02,-0.009007,0.01958,-0.020754
2023-01-03,0.010534,0.007991,-0.010439
2023-01-04,0.013516,0.02351,0.0
2023-01-05,-0.016619,-0.027594,-0.016619
2023-01-06,-0.010904,-0.02936,-0.027342
2023-01-09,-0.012373,-0.01753,-0.039376
2023-01-10,-0.009456,-0.002012,-0.04846
2023-01-11,0.007661,0.002988,-0.04117
2023-01-12,0.007749,0.012766,-0.033741
2023-01-13,0.006213,0.00293,-0.027737
2023-01-16,-0.005705,-0.026711,-0.033284
2023-01-17,-0.034341,-0.014157,-0.066481
2023-01-18,0.001663,-0.001622,-0.064929
2023-01-19,-0.002001,0.001986,-0.0668
2023-01-20,0.002738,0.007252,-0.064245
2023-01-23,0.009958,0.033175,-0.054926
2023-01-24,-0.003865,0.002264,-0.058579
2023-01-25,0.018659,0.006265,-0.041013
2023-01-26,-0.007707,-8.2e-05,-0.048404
2023-01-27,0.00394,0.003518,-0.044654
2023-01-30,0.004451,0.008118,-0.040402
2023-01-31,-0.005988,0.000335,-0.046148
2023-02-01,0.005473,-0.008494,-0.040928
2023-02-02,0.00586,0.020791,-0.035308
2023-02-03,-0.012782,0.007045,-0.047638
2023-02-06,0.002011,-0.00138,-0.045723
2023-02-07,-0.010107,0.004077,-0.055368
2023-02-08,0.005729,-0.005036,-0.049957
2023-02-09,0.002469,0.024919,-0.047611
2023-02-10,-0.011539,-0.011712,-0.0586
2023-02-13,-0.014477,-0.019522,-0.072229
2023-02-14,-0.017534,-0.026944,-0.088497
2023-02-15,-0.024671,-0.032298,-0.110985
2023-02-16,-0.00103,0.008849,-0.111901
2023-02-17,0.009481,0.004131,-0.103481
2023-02-20,-0.002896,0.004395,-0.106077
2023-02-21,-0.001194,0.007389,-0.107145
2023-02-22,0.012168,0.025208,-0.096281
2023-02-23,0.01913,0.016039,-0.078993
2023-02-24,-0.011005,0.001529,-0.089128
2023-02-27,0.013852,0.004659,-0.07651
2023-02-28,-0.003151,0.019981,-0.07942
2023-03-01,-0.009493,-0.011662,-0.088159
2023-03-02,-0.019556,-0.005327,-0.105991
2023-03-03,-0.020959,-0.017902,-0.124729
2023-03-06,-0.00065,-0.017887,-0.125298
2023-03-07,0.006797,-0.015742,-0.119353
2023-03-08,0.017919,0.002387,-0.103573
2023-03-09,0.016289,0.010629,-0.088971
2023-03-10,-0.012414,-0.033125,-0.10028
2023-03-13,-0.009788,0.016307,-0.109086
2023-03-14,-0.00424,-0.006106,-0.112864
2023-03-15,0.010539,-0.005928,-0.103515
2023-03-16,0.005662,-0.003067,-0.098439
2023-03-17,-0.01117,-0.029682,-0.108509
2023-03-20,0.00813,0.007423,-0.101262
2023-03-21,-0.004518,-0.02073,-0.105322
2023-03-22,-0.005227,-0.008573,-0.109998
2023-03-23,-0.011057,-0.036507,-0.119839
2023-03-24,-0.012184,-0.006505,-0.130563
2023-03-27,0.000517,-0.001342,-0.130114
2023-03-28,-0.005342,-0.008121,-0.134761
2023-03-29,0.002537,0.002148,-0.132566
2023-03-30,-0.003042,-0.001516,-0.135205
2023-03-31,0.011859,0.028052,-0.124949
2023-04-03,-0.006467,-0.004451,-0.130608
2023-04-04,-0.014984,-0.010969,-0.143635
2023-04-05,0.010311,0.009848,-0.134805
2023-04-06,0.007074,-0.008934,-0.128685
2023-04-07,0.019135,0.011931,-0.112013
2023-04-10,0.006694,-0.013983,-0.106069
2023-04-11,0.002924,-0.004828,-0.103455
2023-04-12,0.003894,-0.006949,-0.099964
2023-04-13,0.007875,0.039898,-0.092876
2023-04-14,0.014556,0.038985,-0.079671
2023-04-17,0.001394,0.007057,-0.078389
2023-04-18,0.00865,0.020646,-0.070417
2023-04-19,0.015043,0.016766,-0.056433
2023-04-20,0.00133,-0.025377,-0.055179
2023-04-21,0.011183,0.007798,-0.044613
2023-04-24,-0.00371,-0.008735,-0.048157
2023-04-25,0.002846,0.004029,-0.045448
2023-04-26,-0.011766,-0.033722,-0.056679
2023-04-27,-0.013351,-0.007697,-0.069273
2023-04-28,-0.013609,-0.015069,-0.081939
2023-05-01,-0.009771,-0.034902,-0.09091
2023-05-02,-0.009984,0.00091,-0.099986
2023-05-03,0.001784,-0.003736,-0.09838
2023-05-04,0.023071,0.018451,-0.077579
2023-05-05,0.009795,0.010907,-0.068544
2023-05-08,-0.01478,-0.002916,-0.082311
2023-05-09,0.001482,0.005742,-0.080952
2023-05-10,-0.004906,-0.002251,-0.08546
2023-05-11,-0.005989,0.003938,-0.090937
2023-05-12,-0.000103,0.000796,-0.091031
2023-05-15,-0.001838,0.020561,-0.092701
2023-05-16,0.00224,0.004127,-0.090669
2023-05-17,0.013283,-0.003851,-0.07859
2023-05-18,-0.010784,-0.017988,-0.088527
2023-05-19,0.000282,-0.018276,-0.088271
2023-05-22,0.019423,0.024454,-0.070563
2023-05-23,-0.002002,0.004721,-0.072423
2023-05-24,0.018861,0.016858,-0.054928
2023-05-25,0.004984,-0.002752,-0.050217
2023-05-26,0.007518,0.018879,-0.043077
2023-05-29,-0.001671,0.009852,-0.044676
2023-05-30,-0.002195,0.002836,-0.046774
2023-05-31,-0.001703,-0.01664,-0.048397
2023-06-01,0.00765,0.00618,-0.041117
2023-06-02,-0.011725,-0.020131,-0.05236
2023-06-05,0.013403,0.015763,-0.039659
2023-06-06,0.009358,0.027958,-0.030673
2023-06-07,-6.9e-05,0.016697,-0.030739
2023-06-08,-0.007697,-0.01098,-0.0382
2023-06-09,0.011437,0.01593,-0.0272
2023-06-12,-0.009779,-0.002158,-0.036712
2023-06-13,0.011662,0.031398,-0.025479
2023-06-14,-0.012301,-0.022716,-0.037467
2023-06-15,-0.009152,0.010966,-0.046276
2023-06-16,-0.019574,-0.036993,-0.064944
2023-06-19,-0.012344,-0.028148,-0.076487
2023-06-20,0.021252,0.02387,-0.056861
2023-06-21,0.010765,0.01076,-0.046707
2023-06-22,0.005695,-0.012065,-0.041278
2023-06-23,-0.014189,-0.017633,-0.054882
2023-06-26,-0.027333,-0.045604,-0.080714
2023-06-27,-0.010917,-0.004746,-0.09075
2023-06-28,0.025233,0.038906,-0.067807
2023-06-29,0.012526,0.009484,-0.056131
2023-06-30,0.00852,0.000698,-0.048089
2023-07-03,0.009676,0.006598,-0.038879
2023-07-04,-0.027089,-0.023051,-0.064914
2023-07-05,-0.002837,-0.018188,-0.067567
2023-07-06,0.002353,-0.005463,-0.065373
2023-07-07,-0.001631,0.001199,-0.066897
2023-07-10,0.004415,-0.002319,-0.062778
2023-07-11,-0.003861,-0.012373,-0.066397
2023-07-12,0.006767,0.019846,-0.060079
2023-07-13,-0.003036,-0.01333,-0.062933
2023-07-14,0.006818,-0.002459,-0.056544
2023-07-17,0.008711,0.0281,-0.048325
2023-07-18,-0.006946,-0.02175,-0.054936
2023-07-19,-0.016082,-0.019118,-0.070134
2023-07-20,0.016745,0.036415,-0.054564
2023-07-21,-0.003169,-0.004597,-0.05756
2023-07-24,0.009875,0.030315,-0.048253
2023-07-25,-0.006318,8.5e-05,-0.054266
2023-07-26,0.010539,0.020206,-0.044299
2023-07-27,0.009133,0.015943,-0.03557
2023-07-28,0.002009,0.00978,-0.033633
2023-07-31,0.020433,0.039528,-0.013887
2023-08-01,-0.004936,0.025912,-0.018754
2023-08-02,0.006178,-0.010181,-0.012692
2023-08-03,-0.000297,-0.010111,-0.012985
2023-08-04,0.008647,0.001495,-0.004451
2023-08-07,-0.018381,-0.005849,-0.02275
2023-08-08,0.009622,0.014139,-0.013347
2023-08-09,-0.008257,-0.00564,-0.021494
2023-08-10,0.01092,-0.000126,-0.010809
2023-08-11,-0.028918,-0.031856,-0.039415
2023-08-14,-0.001919,-0.009366,-0.041258
2023-08-15,-0.019106,-0.043618,-0.059576
2023-08-16,-0.015753,-0.009862,-0.07439
2023-08-17,0.0018,0.006591,-0.072724
2023-08-18,0.008935,-0.005035,-0.064439
2023-08-21,-0.00517,0.010002,-0.069275
2023-08-22,-0.003382,-0.005534,-0.072423
2023-08-23,-0.000445,0.016873,-0.072836
2023-08-24,-0.021645,-0.004871,-0.092904
2023-08-25,0.005164,-0.015646,-0.088219
2023-08-28,0.00703,0.011654,-0.08181
2023-08-29,-0.007871,-0.00472,-0.089037
2023-08-30,0.009012,0.002853,-0.080827
2023-08-31,0.00544,-0.005754,-0.075827
2023-09-01,0.019848,0.02199,-0.057483
2023-09-04,-0.003038,0.004906,-0.060347
2023-09-05,-0.00322,-0.010585,-0.063372
2023-09-06,-0.007141,-0.005324,-0.070061
2023-09-07,0.001846,-0.007107,-0.068345
2023-09-08,-0.002393,-0.009535,-0.070574
2023-09-11,-0.002521,-0.002327,-0.072917
2023-09-12,-0.007056,-0.008357,-0.079459
2023-09-13,-0.008383,-0.010462,-0.087176
2023-09-14,-0.004769,0.023483,-0.091529
2023-09-15,-0.003958,-0.021485,-0.095125
2023-09-18,0.008403,0.023163,-0.087521
2023-09-19,0.009279,0.012616,-0.079054
2023-09-20,-0.003546,0.020369,-0.08232
2023-09-21,-0.013036,0.000234,-0.094282
2023-09-22,-5e-06,0.006479,-0.094287
2023-09-25,-0.001176,-0.006976,-0.095352
2023-09-26,-0.015906,-0.024086,-0.109741
2023-09-27,-0.009533,0.003089,-0.118228
2023-09-28,0.005011,-0.021336,-0.11381
2023-09-29,-0.017983,0.002206,-0.129746
2023-10-02,0.003721,-0.000821,-0.126508
2023-10-03,-0.003486,-0.017917,-0.129553
2023-10-04,0.019451,-0.00279,-0.112621
2023-10-05,0.006037,0.015198,-0.107264
2023-10-06,-0.004044,-0.003197,-0.110875
2023-10-09,0.006803,-0.004051,-0.104826
2023-10-10,-0.038641,-0.029888,-0.139416
2023-10-11,-0.011961,-0.028835,-0.14971
2023-10-12,-0.003573,-0.003829,-0.152748
2023-10-13,-0.008587,-0.020149,-0.160023
2023-10-16,0.003454,0.006622,-0.157122
2023-10-17,0.019394,0.016454,-0.140776
2023-10-18,-0.013788,-0.014124,-0.152623
2023-10-19,-0.004005,-0.030036,-0.156017
2023-10-20,0.001445,-0.00572,-0.154798
2023-10-23,0.008632,0.000123,-0.147502
2023-10-24,-0.025294,-0.026436,-0.169065
2023-10-25,0.00383,-0.005935,-0.165882
2023-10-26,0.016966,0.017164,-0.151731
2023-10-27,-0.027005,-0.025889,-0.174638
2023-10-30,-0.012393,-0.025114,-0.184867
2023-10-31,-0.002685,0.006367,-0.187055
2023-11-01,-0.005088,-0.033152,-0.191191
2023-11-02,0.015045,-0.003126,-0.179023
2023-11-03,0.002921,-0.006025,-0.176625
2023-11-06,-0.020607,-0.044307,-0.193592
2023-11-07,-0.002255,0.014595,-0.19541
2023-11-08,-0.007575,-0.005408,-0.201505
2023-11-09,0.004946,0.025153,-0.197555
2023-11-10,-0.010766,-0.032002,-0.206195
2023-11-13,-0.006593,0.00944,-0.211428
2023-11-14,0.009768,0.006937,-0.203725
2023-11-15,0.001821,0.008674,-0.202276
2023-11-16,0.004483,0.00101,-0.198699
2023-11-17,-0.012269,-0.012534,-0.208531
2023-11-20,0.018202,0.019943,-0.194124
2023-11-21,-0.011227,0.010043,-0.203172
2023-11-22,0.012179,0.006334,-0.193467
2023-11-23,-0.014521,-0.008748,-0.205178
2023-11-24,0.006966,0.00731,-0.199642
2023-11-27,-0.004944,-0.018597,-0.203599
2023-11-28,-0.019082,-0.024408,-0.218796
2023-11-29,0.004467,-0.001976,-0.215306
2023-11-30,-0.005277,0.011983,-0.219447
2023-12-01,0.002217,0.01092,-0.217716
2023-12-04,0.007585,0.020339,-0.211783
2023-12-05,-0.001591,-0.015849,-0.213037
2023-12-06,0.004804,-0.003362,-0.209256
2023-12-07,-0.005703,0.004675,-0.213765
2023-12-08,-0.004533,0.009144,-0.217329
2023-12-11,0.003507,-0.006558,-0.214585
2023-12-12,-0.00221,-0.013212,-0.216321
2023-12-13,-0.001047,-0.010211,-0.217141
2023-12-14,0.021897,0.008439,-0.199999
2023-12-15,-0.013348,-0.014466,-0.210677
2023-12-18,-0.03764,-0.024243,-0.240388
2023-12-19,0.021333,0.007752,-0.224183
2023-12-20,0.028112,0.025325,-0.202373
2023-12-21,-0.0057,-0.018458,-0.206919
2023-12-22,-0.019851,-0.021274,-0.222662
2023-12-25,-0.000515,-0.014022,-0.223063
2023-12-26,0.004163,-0.008189,-0.219829
2023-12-27,-0.009619,-0.005037,-0.227333
2023-12-28,-0.01135,0.007138,-0.236103
2023-12-29,0.016865,-0.010892,-0.22322
2024-01-01,0.006219,0.013562,-0.218389
2024-01-02,-0.016388,-0.022637,-0.231198
2024-01-03,0.013916,0.017805,-0.220499
2024-01-04,0.030468,0.034478,-0.19675
2024-01-05,-0.001119,-0.006487,-0.197649
2024-01-08,-0.004974,-0.015134,-0.201639
2024-01-09,-0.004755,-0.002731,-0.205436
2024-01-10,0.007073,-0.00892,-0.199816
2024-01-11,-0.029038,-0.013832,-0.223052
2024-01-12,0.005772,-0.000894,-0.218567
2024-01-15,-0.002373,0.016894,-0.220421
2024-01-16,0.03,0.024008,-0.197034
2024-01-17,-0.010728,0.008734,-0.205647
2024-01-18,0.016599,0.013864,-0.192462
2024-01-19,-0.003354,-0.023694,-0.19517
2024-01-22,-0.001202,-0.00153,-0.196138
2024-01-23,0.003571,0.003875,-0.193267
2024-01-24,-0.009183,-0.014567,-0.200675
2024-01-25,0.001017,0.004981,-0.199862
2024-01-26,0.01547,0.024631,-0.187484
2024-01-29,-0.002437,0.010943,-0.189464
2024-01-30,-0.020049,-0.019954,-0.205715
2024-01-31,-0.006956,-0.000253,-0.21124
2024-02-01,-0.003422,-0.007714,-0.213939
2024-02-02,0.002508,-0.010793,-0.211968
2024-02-05,-0.00561,-0.011277,-0.216389
2024-02-06,-0.00089,-0.007976,-0.217086
2024-02-07,-0.024672,-0.026446,-0.236402
2024-02-08,0.001602,0.014358,-0.235179
2024-02-09,0.004055,-0.006868,-0.232078
2024-02-12,-0.02867,-0.008955,-0.254094
2024-02-13,0.005099,0.009386,-0.250291
2024-02-14,0.008498,0.007354,-0.24392
2024-02-15,0.008022,-0.026069,-0.237855
2024-02-16,-0.008965,-0.013662,-0.244688
2024-02-19,0.015592,0.010024,-0.232911
2024-02-20,0.02445,0.009408,-0.214155
2024-02-21,0.026047,0.025734,-0.193686
2024-02-22,0.020659,-0.004067,-0.177028
2024-02-23,0.007574,0.016246,-0.170795
2024-02-26,0.003554,-0.00119,-0.167848
2024-02-27,0.008793,-0.005417,-0.160531
2024-02-28,0.010772,0.016965,-0.151488
2024-02-29,0.013494,0.03323,-0.140038
2024-03-01,0.000925,-0.002146,-0.139242
2024-03-04,-0.014779,-0.007498,-0.151964
2024-03-05,-0.017652,-0.007422,-0.166933
2024-03-06,0.011165,0.013949,-0.157631
2024-03-07,0.025576,0.030014,-0.136087
2024-03-08,-0.006646,-0.025646,-0.141829
2024-03-11,-0.003239,0.000189,-0.144609
2024-03-12,0.004551,0.008454,-0.140716
2024-03-13,-0.009953,-0.007978,-0.149269
2024-03-14,0.012529,0.019805,-0.13861
2024-03-15,-0.021014,-0.035592,-0.156711
2024-03-18,-0.008713,-0.021625,-0.164059
2024-03-19,-0.00712,0.004125,-0.170011
2024-03-20,-0.016781,-0.036823,-0.183939
2024-03-21,-0.016169,-0.008419,-0.197134
2024-03-22,-0.018062,0.016368,-0.211635
2024-03-25,-0.001426,-0.004398,-0.212759
2024-03-26,0.004631,0.01822,-0.209113
2024-03-27,-0.001007,-0.01169,-0.20991
2024-03-28,-0.014408,0.009036,-0.221293
2024-03-29,0.011106,-0.004777,-0.212645
2024-04-01,0.005184,0.031346,-0.208563
2024-04-02,-0.010395,-0.003858,-0.21679
2024-04-03,-0.013328,-0.042868,-0.227229
2024-04-04,0.009382,-0.003048,-0.219979
2024-04-05,-0.003304,0.010365,-0.222556
2024-04-08,0.010158,0.007257,-0.214658
2024-04-09,0.000867,-0.007648,-0.213977
2024-04-10,0.019442,0.007127,-0.198696
2024-04-11,-0.010987,0.005731,-0.207499
2024-04-12,0.003491,-0.000615,-0.204733
2024-04-15,0.00854,0.004273,-0.197942
2024-04-16,-0.013161,-0.013916,-0.208498
2024-04-17,-0.01498,-0.013535,-0.220354
2024-04-18,0.015819,0.003539,-0.208021
2024-04-19,-0.006381,-0.011919,-0.213075
2024-04-22,-0.009512,-0.011867,-0.22056
2024-04-23,0.000815,0.019577,-0.219925
2024-04-24,0.004466,0.010143,-0.216441
2024-04-25,-0.019334,-0.017144,-0.231591
2024-04-26,-0.018935,-0.033438,-0.246141
2024-04-29,0.001755,-0.005467,-0.244818
2024-04-30,0.02867,0.017039,-0.223166
2024-05-01,-0.003107,0.005331,-0.22558
2024-05-02,0.011545,0.013271,-0.216639
2024-05-03,-0.011528,-0.021746,-0.22567
2024-05-06,-0.014886,-0.006548,-0.237197
2024-05-07,0.015322,-0.007319,-0.225509
2024-05-08,5.5e-05,0.003647,-0.225466
2024-05-09,0.002242,0.017175,-0.223729
2024-05-10,-0.001389,0.027517,-0.224808
2024-05-13,0.00912,0.014997,-0.217738
2024-05-14,0.003569,0.008136,-0.214946
2024-05-15,-9e-05,-0.002329,-0.215016
2024-05-16,0.00372,-0.005882,-0.212095
2024-05-17,-0.006981,-0.027805,-0.217596
2024-05-20,-0.013429,-0.024306,-0.228102
2024-05-21,0.001995,0.011034,-0.226562
2024-05-22,0.020274,-0.002194,-0.210881
2024-05-23,-0.009546,-0.012008,-0.218414
2024-05-24,-0.015137,-0.033875,-0.230245
2024-05-27,0.011431,0.004956,-0.221446
2024-05-28,0.001997,0.017629,-0.219891
2024-05-29,0.020187,0.022377,-0.204143
2024-05-30,0.004286,0.01005,-0.200732
2024-05-31,-0.008472,-0.005794,-0.207503
2024-06-03,-0.016259,-0.008851,-0.220389
2024-06-04,-0.011025,1.1e-05,-0.228984
2024-06-05,0.007003,-0.006946,-0.223585
2024-06-06,-0.007742,-0.010215,-0.229595
2024-06-07,0.022731,0.013869,-0.212083
2024-06-10,0.020504,0.038389,-0.195928
2024-06-11,0.008667,0.014165,-0.188959
2024-06-12,-0.008118,0.000221,-0.195543
2024-06-13,0.010335,0.001289,-0.187229
2024-06-14,0.008748,0.016093,-0.180119
2024-06-17,0.016919,0.020142,-0.166248
2024-06-18,0.012766,0.000364,-0.155604
2024-06-19,0.01363,0.000129,-0.144095
2024-06-20,0.005843,-0.001652,-0.139094
2024-06-21,0.009366,0.001475,-0.13103
2024-06-24,-0.007384,-0.006339,-0.137446
2024-06-25,-0.013081,-0.026614,-0.148729
2024-06-26,-0.000785,-0.008301,-0.149398
2024-06-27,-0.008201,-0.007347,-0.156373
2024-06-28,-0.016396,-0.01331,-0.170206
2024-07-01,0.018218,0.017911,-0.155088
2024-07-02,0.017871,0.009503,-0.139989
2024-07-03,0.016107,0.013269,-0.126137
2024-07-04,0.005308,-0.010026,-0.121498
2024-07-05,0.024868,0.008036,-0.099651
2024-07-08,0.004344,0.008508,-0.09574
2024-07-09,0.003028,-0.021763,-0.093003
2024-07-10,-0.006004,-0.01652,-0.098448
2024-07-11,0.003207,-0.013426,-0.095557
2024-07-12,0.001921,0.015111,-0.09382
2024-07-15,-0.019778,-0.026903,-0.111742
2024-07-16,-0.002292,0.012423,-0.113778
2024-07-17,-6.6e-05,0.002557,-0.113837
2024-07-18,0.018342,0.010126,-0.097583
2024-07-19,0.015199,-0.001993,-0.083866
2024-07-22,0.008933,0.007708,-0.075682
2024-07-23,0.007074,0.023965,-0.069143
2024-07-24,-0.002805,-0.007972,-0.071754
2024-07-25,-0.007476,0.005873,-0.078693
2024-07-26,0.001434,-0.015895,-0.077372
2024-07-29,-0.001438,-0.007095,-0.078699
2024-07-30,-0.009075,-0.011935,-0.08706
2024-07-31,-0.021496,-0.025338,-0.106685
2024-08-01,0.008978,0.002079,-0.098665
2024-08-02,0.00574,0.017897,-0.093491
2024-08-05,-0.019851,-0.034737,-0.111486
2024-08-06,-0.002226,0.003764,-0.113463
2024-08-07,0.01593,0.022913,-0.099341
2024-08-08,0.010947,0.020143,-0.089482
2024-08-09,0.001907,0.024198,-0.087746
2024-08-12,0.009731,0.022859,-0.078868
2024-08-13,-0.005849,-0.023499,-0.084256
2024-08-14,-0.007447,-0.017037,-0.091076
2024-08-15,-0.002939,0.018994,-0.093747
2024-08-16,0.009099,-0.009448,-0.085502
2024-08-19,0.015825,0.029668,-0.07103
2024-08-20,0.009343,0.021057,-0.062351
2024-08-21,-0.004672,-0.005754,-0.066732
2024-08-22,-0.016842,-0.021459,-0.08245
2024-08-23,-0.004829,0.000799,-0.086881
2024-08-26,0.005705,0.005518,-0.081672
2024-08-27,-0.004604,-0.011952,-0.0859
2024-08-28,0.001057,-0.005449,-0.084934
2024-08-29,-0.011096,0.010328,-0.095088
2024-08-30,-0.002734,0.019361,-0.097561
2024-09-02,-0.005747,0.004629,-0.102748
2024-09-03,-0.005749,0.013626,-0.107906
2024-09-04,0.003098,0.001566,-0.105143
2024-09-05,0.001247,0.00215,-0.104027
2024-09-06,0.007999,-0.010575,-0.09686
2024-09-09,0.006684,-0.015447,-0.090823
2024-09-10,-0.000562,-0.005706,-0.091334
2024-09-11,0.021242,0.022129,-0.072032
2024-09-12,-0.012455,-0.007651,-0.083589
2024-09-13,-0.016392,-0.020752,-0.098611
2024-09-16,-0.017715,-0.018781,-0.114579
2024-09-17,-0.005188,-0.01591,-0.119172
2024-09-18,0.013274,-0.003185,-0.107481
2024-09-19,-0.012606,-0.003706,-0.118732
2024-09-20,0.005102,0.042769,-0.114236
2024-09-23,-0.024322,-0.016323,-0.13578
2024-09-24,0.015024,0.010076,-0.122795
2024-09-25,0.02481,0.019897,-0.101032
2024-09-26,-0.010856,-0.032126,-0.110791
2024-09-27,-0.009168,-0.021723,-0.118944
2024-09-30,-0.012081,0.002227,-0.129588
2024-10-01,0.000345,-0.038244,-0.129287
2024-10-02,0.006949,-0.01454,-0.123237
2024-10-03,0.018013,0.030738,-0.107443
2024-10-04,0.026133,0.02273,-0.084118
2024-10-07,-0.004848,-0.020008,-0.088558
2024-10-08,0.024474,0.042265,-0.066251
2024-10-09,0.012261,-0.007599,-0.054802
2024-10-10,0.019164,0.030863,-0.036689
2024-10-11,-0.007563,0.022534,-0.043975
2024-10-14,0.010729,-0.006811,-0.033718
2024-10-15,0.00692,0.010176,-0.027031
2024-10-16,0.03093,0.027534,0.0
2024-10-17,0.011252,0.001945,0.0
2024-10-18,-0.008794,-0.013883,-0.008794
2024-10-21,0.012857,0.008616,0.0
2024-10-22,-0.003421,-0.008147,-0.003421
2024-10-23,-0.005844,-0.003858,-0.009245
2024-10-24,0.016498,0.02597,0.0
2024-10-25,-0.006141,-0.009786,-0.006141
2024-10-28,-0.007683,0.007732,-0.013777
2024-10-29,0.001083,0.012185,-0.012709
2024-10-30,0.005766,0.017951,-0.007016
2024-10-31,0.005334,0.004055,-0.00172
2024-11-01,-0.014773,-0.011448,-0.016468
2024-11-04,0.011413,0.024543,-0.005242
2024-11-05,0.002844,-0.020733,-0.002413
2024-11-06,-0.011843,-0.023344,-0.014227
2024-11-07,0.003733,-0.024474,-0.010547
2024-11-08,0.004311,-0.01374,-0.006281
2024-11-11,-0.005298,-0.003408,-0.011546
2024-11-12,0.017043,0.027214,0.0
2024-11-13,-0.012493,-0.038583,-0.012493
2024-11-14,0.003795,-0.007711,-0.008745
2024-11-15,-0.009372,0.002958,-0.018036
2024-11-18,0.003097,-0.003338,-0.014995
2024-11-19,0.009139,-6.9e-05,-0.005993
2024-11-20,-0.004871,-0.017271,-0.010835
2024-11-21,0.006315,0.012655,-0.004589
2024-11-22,0.011366,0.011008,0.0
2024-11-25,0.001061,-0.030554,0.0
2024-11-26,-0.012683,-0.02825,-0.012683
2024-11-27,0.009171,-0.020457,-0.003629
2024-11-28,0.001295,-0.001449,-0.002339
2024-11-29,-0.0006,-0.012809,-0.002938
2024-12-02,0.003922,-0.013292,0.0
2024-12-03,0.003497,-0.006479,0.0
2024-12-04,0.015602,0.001213,0.0
2024-12-05,-0.004576,-0.023312,-0.004576
2024-12-06,-0.011694,-0.007013,-0.016216
2024-12-09,-0.004049,-0.026345,-0.0202
2024-12-10,-0.008378,-0.020119,-0.028408
2024-12-11,-0.000656,0.010783,-0.029046
2024-12-12,0.001198,0.00754,-0.027883
2024-12-13,-0.022594,-0.037825,-0.049846
2024-12-16,-0.015743,-0.02186,-0.064805
2024-12-17,-0.011671,0.004153,-0.07572
2024-12-18,-0.000176,-0.020685,-0.075882
2024-12-19,-0.012972,0.003309,-0.08787
2024-12-20,-0.010698,0.005747,-0.097628
2024-12-23,0.004337,-0.011394,-0.093714
2024-12-24,0.011247,0.012521,-0.083521
2024-12-25,-0.005511,-0.016386,-0.088572
2024-12-26,-0.005846,-0.00994,-0.0939
2024-12-27,0.012991,0.005702,-0.082129
2024-12-30,-0.004314,-0.025656,-0.086089
2024-12-31,0.003513,0.002399,-0.082878
2025-01-01,0.011869,0.007029,-0.071993
2025-01-02,0.002455,-0.00199,-0.069715
2025-01-03,0.023138,0.019491,-0.04819
2025-01-06,-0.00391,-0.021064,-0.051912
2025-01-07,0.010396,0.025058,-0.042056
2025-01-08,-0.009865,-0.01917,-0.051506
2025-01-09,-0.012244,-0.00825,-0.06312
2025-01-10,-0.000783,0.011043,-0.063853
2025-01-13,-0.017637,-0.024,-0.080364
2025-01-14,0.003149,-0.007706,-0.077468
2025-01-15,0.010673,-0.009844,-0.067621
2025-01-16,0.005189,-0.011925,-0.062783
2025-01-17,-0.005977,-0.009162,-0.068384
2025-01-20,0.003832,0.02895,-0.064814
2025-01-21,0.007846,0.019104,-0.057476
2025-01-22,0.006397,0.042014,-0.051447
2025-01-23,0.009854,-0.007741,-0.0421
2025-01-24,0.00303,0.028452,-0.039198
2025-01-27,-0.027905,-0.037835,-0.06601
2025-01-28,-0.007762,-0.008049,-0.073259
2025-01-29,-0.004451,-0.025773,-0.077384
2025-01-30,2.8e-05,0.003661,-0.077359
2025-01-31,-0.005327,0.001942,-0.082273
2025-02-03,-0.00806,0.00501,-0.08967
2025-02-04,0.013064,0.028601,-0.077778
2025-02-05,0.00295,0.005657,-0.075058
2025-02-06,0.002933,0.006022,-0.072345
2025-02-07,0.001188,0.0123,-0.071243
2025-02-10,-0.00385,0.010074,-0.074819
2025-02-11,0.010765,-0.008743,-0.064859
2025-02-12,0.004341,-0.002092,-0.0608
2025-02-13,0.017852,0.013313,-0.044034
2025-02-14,0.02,0.021211,-0.024915
2025-02-17,0.000112,-0.002621,-0.024806
2025-02-18,0.017854,0.010304,-0.007394
2025-02-19,-0.007992,-0.031533,-0.015327
2025-02-20,-0.008184,-0.002259,-0.023386
2025-02-21,0.007266,0.006134,-0.01629
2025-02-24,0.01424,0.006516,-0.002281
2025-02-25,0.009401,0.007666,0.0
2025-02-26,0.019242,0.021744,0.0
2025-02-27,0.003372,0.012514,0.0
2025-02-28,0.021071,0.012433,0.0
2025-03-03,0.012302,-0.00968,0.0
2025-03-04,-0.001692,-0.019058,-0.001692
2025-03-05,0.008914,0.001157,0.0
2025-03-06,-0.029128,-0.032571,-0.029128
2025-03-07,-0.011999,-0.003709,-0.040778
2025-03-10,-0.031328,-0.067425,-0.070828
2025-03-11,-0.014632,-0.016103,-0.084423
2025-03-12,0.005591,0.006862,-0.079304
2025-03-13,-0.000717,0.001494,-0.079964
2025-03-14,-0.017935,-0.010335,-0.096465
2025-03-17,-0.005392,-0.010771,-0.101338
2025-03-18,0.011832,0.018854,-0.090705
2025-03-19,2.1e-05,0.008308,-0.090686
2025-03-20,0.029577,0.032371,-0.063791
2025-03-21,0.013218,0.002964,-0.051417
2025-03-24,0.009087,-0.007279,-0.042797
2025-03-25,0.02727,0.017667,-0.016694
2025-03-26,-0.00089,0.004482,-0.017569
2025-03-27,-0.013721,-0.011269,-0.031049
2025-03-28,-0.014385,-0.000337,-0.044987
2025-03-31,0.002711,0.002708,-0.042398
2025-04-01,-0.011017,-0.020474,-0.052948
2025-04-02,-0.001181,0.003998,-0.054066
2025-04-03,0.011048,-0.006759,-0.043615
2025-04-04,0.010365,0.029772,-0.033703
2025-04-07,0.010797,-0.000864,-0.02327
2025-04-08,-0.004468,0.013801,-0.027634
2025-04-09,0.005288,-0.008296,-0.022491
2025-04-10,0.003035,0.015386,-0.019525
2025-04-11,0.003313,-0.007295,-0.016276
2025-04-14,-0.006521,-0.004773,-0.022691
2025-04-15,-0.004672,0.000238,-0.027257
2025-04-16,0.014338,0.012623,-0.01331
2025-04-17,-0.000871,-0.024979,-0.01417
2025-04-18,-0.010884,-0.006823,-0.0249
2025-04-21,0.003862,-0.009067,-0.021134
2025-04-22,0.011702,0.016541,-0.009679
2025-04-23,-0.020359,-0.023912,-0.029841
2025-04-24,-6.3e-05,0.013857,-0.029902
2025-04-25,0.009298,0.022463,-0.020882
2025-04-28,-0.000629,0.002866,-0.021499
2025-04-29,0.016188,0.029598,-0.005659
2025-04-30,-0.013898,-0.027428,-0.019478
2025-05-01,0.000292,-0.005763,-0.019192
2025-05-02,-0.005712,0.013439,-0.024794
2025-05-05,-0.002044,0.019825,-0.026788
2025-05-06,0.023947,0.011978,-0.003482
2025-05-07,0.012614,0.020021,0.0
2025-05-08,0.022464,0.034127,0.0
2025-05-09,0.008072,0.02537,0.0
2025-05-12,0.000324,0.014937,0.0
2025-05-13,0.015935,0.022028,0.0
2025-05-14,0.013034,0.001295,0.0
2025-05-15,0.011057,0.006792,0.0
2025-05-16,0.005481,0.005347,0.0
2025-05-19,0.020327,0.012568,0.0
2025-05-20,-0.00486,-0.013296,-0.00486
2025-05-21,0.001912,-0.014009,-0.002957
2025-05-22,-0.007262,0.005064,-0.010198
2025-05-23,0.01207,0.022364,0.0
2025-05-26,0.013331,-0.009322,0.0
2025-05-27,0.00483,-0.013496,0.0
2025-05-28,-0.004887,0.003425,-0.004887
2025-05-29,0.005923,0.003727,0.0
2025-05-30,0.005721,0.009429,0.0
2025-06-02,0.005897,0.019825,0.0
2025-06-03,-0.01614,-0.000391,-0.01614
2025-06-04,0.019395,0.034025,0.0
2025-06-05,-0.007449,0.005451,-0.007449
2025-06-06,-0.018631,-0.035794,-0.025941
2025-06-09,-0.008889,-0.017161,-0.0346
2025-06-10,-0.007765,-0.011321,-0.042096
2025-06-11,0.001576,-0.004192,-0.040587
2025-06-12,-0.009032,-0.019162,-0.049252
2025-06-13,-0.00628,-0.024719,-0.055223
2025-06-16,0.007095,0.019519,-0.04852
2025-06-17,-0.004392,0.001147,-0.052698
2025-06-18,-0.002009,0.017293,-0.054602
2025-06-19,0.010851,0.000527,-0.044343
2025-06-20,0.015052,0.00797,-0.029959
2025-06-23,-0.021753,-0.040361,-0.05106
2025-06-24,-0.00348,-0.002609,-0.054363
2025-06-25,-0.028182,-0.012808,-0.081012
2025-06-26,0.018064,0.025053,-0.064411
2025-06-27,0.00721,0.008524,-0.057666
2025-06-30,0.007784,0.02172,-0.050331
2025-07-01,0.006025,0.015932,-0.044608
2025-07-02,0.000394,0.026338,-0.044232
2025-07-03,-0.013298,-0.003233,-0.056942
2025-07-04,0.003396,0.018978,-0.053739
2025-07-07,-0.009627,0.00054,-0.062849
2025-07-08,-0.003243,-0.00648,-0.065888
2025-07-09,0.009869,0.008051,-0.05667
2025-07-10,-0.011072,-0.011804,-0.067114
2025-07-11,0.009677,0.002274,-0.058087
2025-07-14,-0.002748,0.008539,-0.060675
2025-07-15,-0.016559,0.001126,-0.07623
2025-07-16,0.009887,0.027855,-0.067096
2025-07-17,0.007001,0.000609,-0.060565
2025-07-18,-0.005318,-0.003198,-0.065561
2025-07-21,-0.01693,-0.020599,-0.081381
2025-07-22,-0.00772,-0.009398,-0.088473
2025-07-23,0.000499,-0.00212,-0.088018
2025-07-24,0.005248,-0.020456,-0.083232
2025-07-25,-0.00054,-0.002045,-0.083727
2025-07-28,0.001481,0.001607,-0.08237
2025-07-29,-0.011764,-0.001858,-0.093166
2025-07-30,0.008945,-0.006204,-0.085054
2025-07-31,0.003314,-0.01822,-0.082022
2025-08-01,0.019054,0.033466,-0.064531
2025-08-04,-0.019453,-0.024947,-0.082729
2025-08-05,0.015563,0.037398,-0.068453
2025-08-06,-0.002584,-0.016101,-0.070861
2025-08-07,0.012795,0.009388,-0.058973
2025-08-08,0.010547,-0.007542,-0.049048
2025-08-11,0.011245,0.007238,-0.038354
2025-08-12,-0.010083,0.001333,-0.04805
2025-08-13,0.015757,0.010113,-0.033051
2025-08-14,0.000854,-0.00601,-0.032225
2025-08-15,0.003749,0.02779,-0.028597
2025-08-18,0.000307,-0.036183,-0.028299
2025-08-19,0.000873,0.006834,-0.027451
2025-08-20,0.000226,0.006556,-0.02723
2025-08-21,0.001692,0.012203,-0.025585
2025-08-22,0.017024,0.015354,-0.008996
2025-08-25,-0.006161,-0.023554,-0.015102
2025-08-26,-0.003538,0.007329,-0.018586
2025-08-27,-0.008047,-0.005919,-0.026484
2025-08-28,-0.005659,-0.006044,-0.031993
2025-08-29,-0.015702,-0.028495,-0.047193
2025-09-01,-0.004208,-0.02461,-0.051203
2025-09-02,-0.00851,-0.001228,-0.059277
2025-09-03,0.009055,0.015155,-0.050759
2025-09-04,0.019064,0.050428,-0.032662
2025-09-05,-0.014852,-0.010168,-0.047029
2025-09-08,0.013576,0.003261,-0.034092
2025-09-09,0.010881,-0.021763,-0.023581
2025-09-10,0.006815,-0.004572,-0.016927
2025-09-11,-0.001229,-0.000813,-0.018135
2025-09-12,0.001504,0.024764,-0.016658
2025-09-15,-0.004874,0.017083,-0.021451
2025-09-16,9.8e-05,-0.011847,-0.021355
2025-09-17,-0.011171,-0.004592,-0.032287
2025-09-18,-0.01963,-0.00539,-0.051283
2025-09-19,0.014025,0.014961,-0.037978
2025-09-22,-0.009315,-0.009019,-0.046939
2025-09-23,-0.01371,-0.005822,-0.060005
2025-09-24,0.003295,-0.016953,-0.056908
2025-09-25,0.003471,0.012402,-0.053634
2025-09-26,0.006885,0.014479,-0.047119
2025-09-29,0.00304,-0.000889,-0.044223
2025-09-30,0.016628,0.026653,-0.02833
2025-10-01,0.016093,0.020198,-0.012693
2025-10-02,0.007288,0.008951,-0.005497
2025-10-03,0.008293,0.015097,0.0
2025-10-06,0.018157,0.008318,0.0
2025-10-07,0.004598,0.018081,0.0
2025-10-08,-0.009385,0.022143,-0.009385
2025-10-09,0.006151,0.022236,-0.003291
2025-10-10,0.00275,0.029466,-0.00055
2025-10-13,0.001494,-0.015023,0.0
2025-10-14,0.006719,0.007418,0.0
2025-10-15,-0.015507,-0.039443,-0.015507
2025-10-16,-0.008067,-0.022275,-0.023449
2025-10-17,0.014722,0.011294,-0.009073
2025-10-20,0.008586,0.005678,-0.000565
2025-10-21,0.007529,0.021949,0.0
2025-10-22,-0.001746,-0.003732,-0.001746
2025-10-23,-0.006096,-0.016364,-0.007831
2025-10-24,-0.011764,-0.009693,-0.019503
2025-10-27,-0.001919,0.00691,-0.021385
2025-10-28,0.004527,0.013473,-0.016955
2025-10-29,0.01727,0.011841,0.0
2025-10-30,-0.003885,-0.00557,-0.003885
2025-10-31,0.00742,0.000494,0.0
2025-11-03,-0.01693,-0.002378,-0.01693
2025-11-04,0.002551,0.006925,-0.014422
2025-11-05,0.002882,-0.016231,-0.011582
2025-11-06,-0.007621,0.01008,-0.019114
2025-11-07,-0.008339,0.000474,-0.027294
2025-11-10,-0.001448,-0.001472,-0.028702
2025-11-11,-0.011428,-0.006112,-0.039802
2025-11-12,0.013639,0.037739,-0.026706
2025-11-13,0.002226,0.009987,-0.02454
2025-11-14,0.002666,-0.010283,-0.02194
2025-11-17,-0.024347,-0.025871,-0.045753
2025-11-18,-0.011029,-0.008117,-0.056277
2025-11-19,-0.006813,-0.001005,-0.062706
2025-11-20,-0.010966,-0.003679,-0.072985
2025-11-21,0.008295,-0.000799,-0.065296
2025-11-24,0.003441,-0.033526,-0.06208
2025-11-25,0.011115,0.027545,-0.051655
2025-11-26,-0.002782,-0.004057,-0.054293
2025-11-27,0.000157,0.010565,-0.054145
2025-11-28,0.004992,-0.007437,-0.049423
2025-12-01,-0.007773,0.010793,-0.056812
2025-12-02,0.01548,0.044689,-0.042212
2025-12-03,-0.01302,-0.033057,-0.054682
2025-12-04,-0.022117,-0.044868,-0.075589
2025-12-05,-0.010442,-0.002707,-0.085242
2025-12-08,-0.011224,-0.020362,-0.095509
2025-12-09,0.00764,0.006103,-0.088599
2025-12-10,0.006575,-0.004918,-0.082607
2025-12-11,0.000238,-0.00848,-0.082388
2025-12-12,0.008725,-0.004849,-0.074382
2025-12-15,0.003152,0.025008,-0.071465
2025-12-16,0.004816,-0.004627,-0.066993
2025-12-17,0.006493,0.009028,-0.060935
2025-12-18,0.010928,0.001669,-0.050673
2025-12-19,0.00245,-0.017851,-0.048346
2025-12-22,0.007107,0.006483,-0.041583
2025-12-23,-0.006646,-0.005202,-0.047953
2025-12-24,-0.005393,0.002241,-0.053087
2025-12-25,0.01449,0.006951,-0.039366
2025-12-26,-0.02122,-0.015376,-0.059751
2025-12-29,-0.014328,-0.012819,-0.073222
2025-12-30,-0.005308,0.00393,-0.078142
2025-12-31,-0.002158,-0.00969,-0.080132
2026-01-01,-0.003376,-0.00785,-0.083237
2026-01-02,-0.015267,-0.027418,-0.097233
2026-01-05,0.001659,0.00554,-0.095735
2026-01-06,-0.002625,-0.015429,-0.098109
2026-01-07,0.023109,0.040235,-0.077267
2026-01-08,0.025008,0.023428,-0.054191
2026-01-09,-0.009703,-0.018899,-0.063368
2026-01-12,0.013181,-0.009738,-0.051022
2026-01-13,-0.010394,-0.023102,-0.060886
2026-01-14,-0.018686,-0.020494,-0.078434
2026-01-15,0.006243,0.002336,-0.072681
2026-01-16,-0.004554,-0.01223,-0.076904
2026-01-19,0.004899,0.000222,-0.072381
2026-01-20,-0.007018,-0.018046,-0.078891
2026-01-21,-0.015267,-0.023655,-0.092953
2026-01-22,0.007432,0.013406,-0.086212
2026-01-23,-0.00413,-0.00082,-0.089986
2026-01-26,-0.001458,0.011483,-0.091313
2026-01-27,-0.00647,-0.019419,-0.097192
2026-01-28,0.005223,-0.009509,-0.092477
2026-01-29,-0.009791,-0.008663,-0.101363
2026-01-30,0.010912,0.011004,-0.091557
2026-02-02,0.018093,-0.009617,-0.07512
2026-02-03,-0.006752,-0.010465,-0.081365
2026-02-04,0.002256,0.007664,-0.079293
2026-02-05,-0.010416,-0.008656,-0.088883
2026-02-06,0.00721,0.010964,-0.082313
2026-02-09,0.008986,0.002069,-0.074067
2026-02-10,0.026098,0.004727,-0.049901
2026-02-11,0.012043,0.002591,-0.038459
2026-02-12,0.00731,0.001594,-0.03143
2026-02-13,-0.007951,0.023841,-0.039132
2026-02-16,0.027353,0.025947,-0.01285
2026-02-17,0.024187,0.028072,0.0
2026-02-18,-0.014651,0.000738,-0.014651
2026-02-19,-0.012918,-0.001936,-0.02738
2026-02-20,0.019905,0.015965,-0.00802
2026-02-23,-0.010271,-0.024037,-0.018209
2026-02-24,-0.00434,-0.013891,-0.022469
2026-02-25,0.003945,-0.007232,-0.018613
2026-02-26,0.000418,0.021979,-0.018203
2026-02-27,0.008404,0.016359,-0.009952
2026-03-02,-0.000743,0.00157,-0.010688
2026-03-03,0.002143,0.007308,-0.008568
2026-03-04,-0.016322,-0.002887,-0.02475
2026-03-05,-0.012196,-0.019165,-0.036644
2026-03-06,0.034034,0.023806,-0.003857
2026-03-09,-0.000153,0.036923,-0.00401
2026-03-10,0.010359,0.010131,0.0
2026-03-11,-0.016256,0.004677,-0.016256
2026-03-12,0.00222,0.004313,-0.014072
2026-03-13,-0.013873,0.009235,-0.02775
2026-03-16,-0.022011,-0.030889,-0.049151
2026-03-17,-0.017007,0.001451,-0.065322
2026-03-18,-0.015913,-0.018097,-0.080195
2026-03-19,-0.028985,-0.037357,-0.106855
2026-03-20,-0.005257,0.001011,-0.111551
2026-03-23,0.015804,0.035706,-0.09751
2026-03-24,0.010007,-0.007388,-0.088478
2026-03-25,0.019186,0.017199,-0.07099
2026-03-26,-0.000447,0.005358,-0.071405
2026-03-27,-0.003886,0.007163,-0.075014
2026-03-30,-0.002858,-0.007116,-0.077658
2026-03-31,0.009949,-0.001028,-0.068482
2026-04-01,0.021104,0.003588,-0.048823
2026-04-02,-0.002023,-0.006571,-0.050747
2026-04-03,0.009287,0.021487,-0.041932
2026-04-06,0.008546,0.004708,-0.033744
2026-04-07,0.001066,-0.024748,-0.032714
2026-04-08,-0.01699,-0.015053,-0.049148
2026-04-09,-0.008969,0.001251,-0.057676
2026-04-10,0.004726,-0.013166,-0.053223
2026-04-13,0.003336,0.003394,-0.050064
2026-04-14,-0.022205,-0.00775,-0.071158
2026-04-15,-0.00114,0.024173,-0.072217
2026-04-16,0.01734,0.032554,-0.056129
2026-04-17,0.013567,-0.007305,-0.043324
2026-04-20,0.008332,0.037174,-0.035353
2026-04-21,0.012337,0.010992,-0.023451
2026-04-22,-0.011402,-0.010901,-0.034586
2026-04-23,0.016127,0.034361,-0.019017
2026-04-24,-0.014633,0.000795,-0.033372
2026-04-27,0.013988,0.03142,-0.019851
2026-04-28,-0.001165,-0.000807,-0.020992
2026-04-29,-0.00331,-0.014998,-0.024233
2026-04-30,0.00371,-0.03311,-0.020612
2026-05-01,-0.002877,0.003997,-0.02343
2026-05-04,-0.013247,-0.041888,-0.036366
2026-05-05,0.017555,0.007775,-0.01945
2026-05-06,0.018333,0.014188,-0.001473
2026-05-07,-0.010562,-0.004646,-0.012019
2026-05-08,0.004242,-0.005317,-0.007828
2026-05-11,-0.000521,-0.018566,-0.008344
2026-05-12,-0.003447,-0.014104,-0.011763
2026-05-13,0.012205,0.005708,0.0
2026-05-14,0.001463,0.008362,0.0
2026-05-15,0.030253,0.003165,0.0
2026-05-18,-0.005823,-0.018361,-0.005823
2026-05-19,-0.00463,0.008966,-0.010426
2026-05-20,-0.001055,0.007374,-0.01147
2026-05-21,0.013829,0.018146,0.0
2026-05-22,-0.011166,-0.002737,-0.011166
2026-05-25,-0.006957,-0.013172,-0.018045
2026-05-26,0.008351,-0.007642,-0.009845
2026-05-27,-0.013826,0.000193,-0.023535
2026-05-28,0.005548,0.012731,-0.018118
2026-05-29,-0.001452,0.003927,-0.019543
2026-06-01,-0.002259,0.010228,-0.021758
2026-06-02,0.016921,0.003583,-0.005206
2026-06-03,0.00539,0.02958,0.0
2026-06-04,0.000823,-0.014134,0.0
2026-06-05,-0.000805,0.001826,-0.000805
2026-06-08,-0.003607,-0.002183,-0.004409
2026-06-09,-0.006528,0.009698,-0.010908
2026-06-10,0.006304,-0.003479,-0.004673
2026-06-11,0.012293,0.028408,0.0
2026-06-12,-0.001795,-0.00679,-0.001795
