date,return
2021-05-14,0.0184678
2021-05-17,-0.0007917
2021-05-18,-0.00807654
2021-05-19,-0.00381222
2021-05-20,0.01010501
2021-05-21,0.00026429
2021-05-24,0.00936168
2021-05-25,-0.0060618
2021-05-26,0.0023033
2021-05-27,0.00135411
2021-05-28,0.00380913
2021-06-01,0.00429684
2021-06-02,0.00516729
2021-06-03,-0.00351706
2021-06-04,0.00891219
2021-06-07,-0.00139737
2021-06-08,-0.00103767
2021-06-09,-0.00088551
2021-06-10,0.00462683
2021-06-11,0.00137912
2021-06-14,0.00147748
2021-06-15,0.00196141
2021-06-16,-0.00828438
2021-06-17,-0.00454429
2021-06-18,-0.01952497
2021-06-21,0.01621481
2021-06-22,0.00287682
2021-06-23,-0.00230447
2021-06-24,0.00707354
2021-06-25,0.00311542
2021-06-28,2.317e-05
2021-06-29,-0.00245464
2021-06-30,0.00241166
2021-07-01,0.00535652
2021-07-02,0.00458728
2021-07-06,-0.00677265
2021-07-07,-0.00095497
2021-07-08,-0.00911655
2021-07-09,0.01236967
2021-07-12,0.0028729
2021-07-13,-0.00538099
2021-07-14,-0.00202333
2021-07-15,-0.00583226
2021-07-16,-0.00955132
2021-07-19,-0.01745699
2021-07-20,0.01413395
2021-07-21,0.01235001
2021-07-22,-0.00152534
2021-07-23,0.0064925
2021-07-26,0.00265201
2021-07-27,-0.00339482
2021-07-28,0.00375992
2021-07-29,0.0071333
2021-07-30,-0.00581342
2021-08-02,0.0003525
2021-08-03,0.00953088
2021-08-04,-0.00697273
2021-08-05,0.00550015
2021-08-06,0.00159836
2021-08-09,-0.00328773
2021-08-10,0.00243525
2021-08-11,0.00458939
2021-08-12,-0.00102508
2021-08-13,0.0011935
2021-08-16,-0.00064681
2021-08-17,-0.00766787
2021-08-18,-0.01119393
2021-08-19,-0.00247651
2021-08-20,0.00774273
2021-08-23,0.01311849
2021-08-24,0.00250302
2021-08-25,0.00402083
2021-08-26,-0.00560714
2021-08-27,0.01059887
2021-08-30,0.00120684
2021-08-31,-0.00311863
2021-09-01,0.00024226
2021-09-02,0.00927713
2021-09-03,-0.00064278
2021-09-07,-0.00677813
2021-09-08,-0.00158876
2021-09-09,-0.00142048
2021-09-10,-0.00398629
2021-09-13,0.00721344
2021-09-14,-0.00615175
2021-09-15,0.0109845
2021-09-16,-0.00457224
2021-09-17,-0.0124767
2021-09-20,-0.01740666
2021-09-21,0.00018278
2021-09-22,0.01147048
2021-09-23,0.01286645
2021-09-24,-0.00100611
2021-09-27,0.00264073
2021-09-28,-0.01739912
2021-09-29,0.00055846
2021-09-30,-0.01042747
2021-10-01,0.01193953
2021-10-04,-0.00408107
2021-10-05,0.00894168
2021-10-06,0.00287928
2021-10-07,0.00641913
2021-10-08,-0.00049824
2021-10-11,-0.00709562
2021-10-12,0.00029429
2021-10-13,0.00625607
2021-10-14,0.01648407
2021-10-15,0.00461356
2021-10-18,0.00150633
2021-10-19,0.00984322
2021-10-20,0.00612998
2021-10-21,-0.00021697
2021-10-22,0.00089375
2021-10-25,0.00427
2021-10-26,0.00196191
2021-10-27,-0.01080554
2021-10-28,0.0092344
2021-10-29,-0.00154895
2021-11-01,0.00638735
2021-11-02,0.00197982
2021-11-03,0.00385539
2021-11-04,0.00796936
2021-11-05,0.00622264
2021-11-08,0.00438316
2021-11-09,0.00113935
2021-11-10,-0.01267093
2021-11-11,0.00248066
2021-11-12,0.00426586
2021-11-15,0.00286902
2021-11-16,0.0027955
2021-11-17,-0.00506823
2021-11-18,0.00307483
2021-11-19,-0.00637909
2021-11-22,-0.00065136
2021-11-23,0.00523817
2021-11-24,0.00438453
2021-11-26,-0.02479454
2021-11-29,0.01488288
2021-11-30,-0.02183003
2021-12-01,-0.00809304
2021-12-02,0.01576165
2021-12-03,-0.0056703
2021-12-06,0.01102208
2021-12-07,0.02239488
2021-12-08,0.00116712
2021-12-09,-0.00804974
2021-12-10,0.00617925
2021-12-13,-0.0107344
2021-12-14,-0.00757479
2021-12-15,0.01762383
2021-12-16,-0.00961282
2021-12-17,-0.01209577
2021-12-20,-0.00912061
2021-12-21,0.01968595
2021-12-22,0.00766442
2021-12-23,0.00514208
2021-12-27,0.01517977
2021-12-28,-0.00036761
2021-12-29,0.00062544
2021-12-30,-0.00390075
2021-12-31,-0.00013962
2022-01-03,0.00783882
2022-01-04,0.0058844
2022-01-05,-0.01371688
2022-01-06,0.00108856
2022-01-07,-0.00181641
2022-01-10,-0.00308674
2022-01-11,0.01118431
2022-01-12,0.00372063
2022-01-13,-0.00864562
2022-01-14,0.00500066
2022-01-18,-0.017291
2022-01-19,-0.00834482
2022-01-20,-0.01160933
2022-01-21,-0.0140503
2022-01-24,0.00230131
2022-01-25,-0.00815681
2022-01-26,-0.0017409
2022-01-27,-0.00634801
2022-01-28,0.01548522
2022-01-31,0.01933023
2022-02-01,0.00765381
2022-02-02,0.01181244
2022-02-03,-0.01847734
2022-02-04,0.00209755
2022-02-07,0.00078601
2022-02-08,0.00501834
2022-02-09,0.01729614
2022-02-10,-0.02074781
2022-02-11,-0.01286182
2022-02-14,-0.00761976
2022-02-15,0.0149892
2022-02-16,0.00278301
2022-02-17,-0.0172706
2022-02-18,-0.00728329
2022-02-22,-0.00806045
2022-02-23,-0.01308995
2022-02-24,0.01375866
2022-02-25,0.02297346
2022-02-28,0.0040763
2022-03-01,-0.01185706
2022-03-02,0.01987596
2022-03-03,-0.00247351
2022-03-04,-0.00114159
2022-03-07,-0.01542527
2022-03-08,-0.00096234
2022-03-09,0.01522673
2022-03-10,-0.00078527
2022-03-11,-0.01112211
2022-03-14,-0.01221814
2022-03-15,0.01343821
2022-03-16,0.01686097
2022-03-17,0.01499669
2022-03-18,0.00593932
2022-03-21,0.00553156
2022-03-22,0.00624261
2022-03-23,-0.00857958
2022-03-24,0.01617669
2022-03-25,0.00665179
2022-03-28,0.00054913
2022-03-29,0.01170853
2022-03-30,-0.00321932
2022-03-31,-0.01249296
2022-04-01,0.00163482
2022-04-04,0.00358254
2022-04-05,-0.01430385
2022-04-06,-0.00322074
2022-04-07,0.00616849
2022-04-08,0.00052223
2022-04-11,-0.01783652
2022-04-12,0.00056293
2022-04-13,0.01262804
2022-04-14,-0.00899356
2022-04-18,0.0018179
2022-04-19,0.01083777
2022-04-20,0.00408268
2022-04-21,-0.02043257
2022-04-22,-0.02304101
2022-04-25,-0.00185563
2022-04-26,-0.02139445
2022-04-27,0.00319822
2022-04-28,0.02611344
2022-04-29,-0.03185165
2022-05-02,0.00687123
2022-05-03,0.00898824
2022-05-04,0.03014134
2022-05-05,-0.0286821
2022-05-06,0.0010142
2022-05-09,-0.03796373
2022-05-10,0.00455533
2022-05-11,-0.00881704
2022-05-12,-0.00197306
2022-05-13,0.02748429
2022-05-16,0.00152567
2022-05-17,0.02270038
2022-05-18,-0.03190227
2022-05-19,-0.00228753
2022-05-20,0.00101638
2022-05-23,0.01563281
2022-05-24,-0.00372465
2022-05-25,0.01066804
2022-05-26,0.01666335
2022-05-27,0.02278584
2022-05-31,-0.01008648
2022-06-01,-0.00450976
2022-06-02,0.01658445
2022-06-03,-0.01012696
2022-06-06,0.00175382
2022-06-07,0.0138626
2022-06-08,-0.01288678
2022-06-09,-0.02304595
2022-06-10,-0.02436552
2022-06-13,-0.04365638
2022-06-14,-0.00508057
2022-06-15,0.0085084
2022-06-16,-0.03679612
2022-06-17,-0.00820801
2022-06-21,0.02628484
2022-06-22,-0.00797281
2022-06-23,0.00019009
2022-06-24,0.02854119
2022-06-27,0.00306772
2022-06-28,-0.00918938
2022-06-29,-0.00841795
2022-06-30,-0.00642156
2022-07-01,0.00596227
2022-07-05,-0.01403532
2022-07-06,0.00257727
2022-07-07,0.02029164
2022-07-08,0.00094004
2022-07-11,-0.00980091
2022-07-12,-0.00728827
2022-07-13,-0.00252545
2022-07-14,-0.00051531
2022-07-15,0.01455157
2022-07-18,-0.00362437
2022-07-19,0.02816973
2022-07-20,0.00513545
2022-07-21,0.00491077
2022-07-22,-0.00777342
2022-07-25,0.00691512
2022-07-26,-0.00661159
2022-07-27,0.02382305
2022-07-28,0.01706107
2022-07-29,0.0163025
2022-08-01,-0.00488955
2022-08-02,-0.00515913
2022-08-03,0.00797983
2022-08-04,-0.0035467
2022-08-05,0.0019565
2022-08-08,-0.00150574
2022-08-09,-0.0049854
2022-08-10,0.01895797
2022-08-11,0.00499942
2022-08-12,0.01644283
2022-08-15,0.00073936
2022-08-16,-0.00044295
2022-08-17,-0.00733672
2022-08-18,0.00779253
2022-08-19,-0.01150535
2022-08-22,-0.01823517
2022-08-23,0.00486194
2022-08-24,0.00610458
2022-08-25,0.01507457
2022-08-26,-0.03050287
2022-08-29,-0.00077159
2022-08-30,-0.0148473
2022-08-31,-0.00734621
2022-09-01,-0.00535932
2022-09-02,-0.0065454
2022-09-06,-0.00413655
2022-09-07,0.01524587
2022-09-08,0.00629599
2022-09-09,0.01580997
2022-09-12,0.00986677
2022-09-13,-0.03880205
2022-09-14,0.00891352
2022-09-15,-0.01647979
2022-09-16,-0.00843059
2022-09-19,0.0072966
2022-09-20,-0.00938612
2022-09-21,-0.01467076
2022-09-22,-0.0092015
2022-09-23,-0.02593876
2022-09-26,-0.01363801
2022-09-27,-0.00053204
2022-09-28,0.02162696
2022-09-29,-0.02155
2022-09-30,-0.01368011
2022-10-03,0.03468618
2022-10-04,0.03273388
2022-10-05,0.00063946
2022-10-06,-0.00950466
2022-10-07,-0.02744346
2022-10-10,-0.01326571
2022-10-11,-0.00912953
2022-10-12,-0.00836096
2022-10-13,0.02812199
2022-10-14,-0.02685654
2022-10-17,0.02327129
2022-10-18,0.01066807
2022-10-19,-0.00028278
2022-10-20,-0.00590607
2022-10-21,0.02645902
2022-10-24,0.00771527
2022-10-25,0.01383194
2022-10-26,-0.00046836
2022-10-27,-0.00140347
2022-10-28,0.02333129
2022-10-31,-0.00704574
2022-11-01,0.00244221
2022-11-02,-0.02229639
2022-11-03,-0.00214242
2022-11-04,0.01877677
2022-11-07,0.00884778
2022-11-08,0.0080968
2022-11-09,-0.02309279
2022-11-10,0.05339675
2022-11-11,0.01185289
2022-11-14,-0.00688926
2022-11-15,0.01121147
2022-11-16,-0.01182661
2022-11-17,-0.00303709
2022-11-18,0.00538447
2022-11-21,-0.00623322
2022-11-22,0.01741392
2022-11-23,0.00486386
2022-11-25,-0.00087208
2022-11-28,-0.01873947
2022-11-29,0.00072011
2022-11-30,0.02946409
2022-12-01,-0.00110669
2022-12-02,-0.00357236
2022-12-05,-0.01733776
2022-12-06,-0.01411862
2022-12-07,-0.00163779
2022-12-08,0.00832137
2022-12-09,-0.00885693
2022-12-12,0.01795578
2022-12-13,0.00913363
2022-12-14,-0.00562938
2022-12-15,-0.02191905
2022-12-16,-0.01034569
2022-12-19,-0.00657682
2022-12-20,0.00280526
2022-12-21,0.01740709
2022-12-22,-0.01783684
2022-12-23,0.00913035
2022-12-27,-0.00039245
2022-12-28,-0.01368288
2022-12-29,0.01681383
2022-12-30,-0.00257557
2023-01-03,-0.00839837
2023-01-04,0.00802267
2023-01-05,-0.00960534
2023-01-06,0.0261505
2023-01-09,0.00417756
2023-01-10,0.00662128
2023-01-11,0.00882082
2023-01-12,0.00657653
2023-01-13,0.00149763
2023-01-17,-0.00111986
2023-01-18,-0.01574461
2023-01-19,-0.00702337
2023-01-20,0.01687777
2023-01-23,0.01440838
2023-01-24,-0.00018369
2023-01-25,-0.00181415
2023-01-26,0.01146757
2023-01-27,-0.00152486
2023-01-30,-0.01346375
2023-01-31,0.01127921
2023-02-01,0.01151912
2023-02-02,0.00455217
2023-02-03,-0.01200444
2023-02-06,-0.00566802
2023-02-07,0.01597868
2023-02-08,-0.01201679
2023-02-09,-0.00482436
2023-02-10,0.00842163
2023-02-13,0.00804843
2023-02-14,0.00294465
2023-02-15,0.00061598
2023-02-16,-0.01381229
2023-02-17,-0.00683158
2023-02-21,-0.02056173
2023-02-22,-0.00399261
2023-02-23,0.01072436
2023-02-24,-0.00783388
2023-02-27,0.00264968
2023-02-28,-0.00642975
2023-03-01,0.00044794
2023-03-02,0.01001724
2023-03-03,0.01500001
2023-03-06,-0.00226209
2023-03-07,-0.01569136
2023-03-08,0.00463082
2023-03-09,-0.01355002
2023-03-10,-0.01486304
2023-03-13,-0.0009084
2023-03-14,0.01473819
2023-03-15,-0.0149489
2023-03-16,0.01772958
2023-03-17,-0.00950091
2023-03-20,0.01032165
2023-03-21,0.00915742
2023-03-22,-0.01568849
2023-03-23,0.00012493
2023-03-24,0.00383453
2023-03-27,0.00384863
2023-03-28,0.00314115
2023-03-29,0.01684302
2023-03-30,0.00818834
2023-03-31,0.00979174
2023-04-03,0.00688929
2023-04-04,-0.01104126
2023-04-05,-0.00067194
2023-04-06,-0.00013459
2023-04-10,0.00511918
2023-04-11,0.00245225
2023-04-12,-0.00288457
2023-04-13,0.00945892
2023-04-14,-0.00387145
2023-04-17,0.00026974
2023-04-18,0.00018534
2023-04-19,-0.00175628
2023-04-20,-0.00371363
2023-04-21,-0.00198892
2023-04-24,0.00212802
2023-04-25,-0.01598475
2023-04-26,-0.00561187
2023-04-27,0.01278445
2023-04-28,0.01138109
2023-05-01,-0.00074851
2023-05-02,-0.01519401
2023-05-03,-0.00731804
2023-05-04,-0.00374652
2023-05-05,0.01895134
2023-05-08,0.00010652
2023-05-09,-0.0012178
2023-05-10,0.00264835
2023-05-11,-0.00818505
2023-05-12,0.00055087
2023-05-15,0.00492501
2023-05-16,-0.01207643
2023-05-17,0.01231094
2023-05-18,0.00894186
2023-05-19,-0.00027276
2023-05-22,0.00225075
2023-05-23,-0.00777648
2023-05-24,-0.00799519
2023-05-25,0.01172761
2023-05-26,0.01216198
2023-05-30,-0.00404366
2023-05-31,-0.00585311
2023-06-01,0.01379395
2023-06-02,0.01485848
2023-06-05,-0.00215707
2023-06-06,0.00149235
2023-06-07,0.00524085
2023-06-08,0.00606038
2023-06-09,0.00025
2023-06-12,0.01052178
2023-06-13,0.00601401
2023-06-14,-0.00039516
2023-06-15,0.00952278
2023-06-16,-0.00146986
2023-06-20,-0.00867061
2023-06-21,-0.00330756
2023-06-22,-0.00353427
2023-06-23,-0.01091849
2023-06-26,0.00272502
2023-06-27,0.01152338
2023-06-28,-0.00131163
2023-06-29,0.00443045
2023-06-30,0.01082415
2023-07-03,0.00235254
2023-07-05,-0.00497175
2023-07-06,-0.01255051
2023-07-07,0.00337048
2023-07-10,0.00658174
2023-07-11,0.00958356
2023-07-12,0.00983313
2023-07-13,0.00832002
2023-07-14,-0.00815714
2023-07-17,0.00345231
2023-07-18,0.00557642
2023-07-19,0.00066271
2023-07-20,-0.00283802
2023-07-21,0.0026892
2023-07-24,0.00359565
2023-07-25,0.00667679
2023-07-26,-0.00283917
2023-07-27,-0.00671356
2023-07-28,0.00837365
2023-07-31,0.00670217
2023-08-01,-0.00317746
2023-08-02,-0.01516844
2023-08-03,-0.00344614
2023-08-04,-0.00293578
2023-08-07,0.00748056
2023-08-08,-0.00273161
2023-08-09,-0.00293491
2023-08-10,-0.00099413
2023-08-11,0.00058908
2023-08-14,0.00554838
2023-08-15,-0.01381245
2023-08-16,-0.00690387
2023-08-17,-0.00416902
2023-08-18,0.00545021
2023-08-21,0.0097606
2023-08-22,-0.00338999
2023-08-23,0.00979964
2023-08-24,-0.01428943
2023-08-25,0.00818423
2023-08-28,0.00675514
2023-08-29,0.01082844
2023-08-30,0.00398598
2023-08-31,-0.00261304
2023-09-01,0.00600364
2023-09-05,-0.00191301
2023-09-06,-0.00566362
2023-09-07,-0.00409369
2023-09-08,0.00217453
2023-09-11,0.00265956
2023-09-12,-0.00114627
2023-09-13,0.00406327
2023-09-14,0.01168911
2023-09-15,-0.01121223
2023-09-18,0.00304472
2023-09-19,-0.00582847
2023-09-20,-0.00723773
2023-09-21,-0.01530545
2023-09-22,0.00518621
2023-09-25,0.00790182
2023-09-26,-0.01677795
2023-09-27,0.00307587
2023-09-28,0.00598598
2023-09-29,-0.00627927
2023-10-02,-0.01218779
2023-10-03,-0.00968298
2023-10-04,-0.00025992
2023-10-05,-8.817e-05
2023-10-06,0.01448135
2023-10-09,0.00815544
2023-10-10,0.00858948
2023-10-11,0.00269893
2023-10-12,-0.00570175
2023-10-13,-0.00132392
2023-10-16,0.00705112
2023-10-17,0.00106272
2023-10-18,-0.01056451
2023-10-19,-0.00477905
2023-10-20,-0.0130951
2023-10-23,-0.00385097
2023-10-24,0.00844954
2023-10-25,-0.01120986
2023-10-26,-0.00802274
2023-10-27,-0.00984061
2023-10-30,0.00812908
2023-10-31,0.00873143
2023-11-01,0.01089812
2023-11-02,0.02114553
2023-11-03,0.00509603
2023-11-06,-0.00287577
2023-11-07,-0.00121178
2023-11-08,-0.00332111
2023-11-09,-0.00381926
2023-11-10,0.01644045
2023-11-13,0.00037508
2023-11-14,0.0221548
2023-11-15,-0.00190716
2023-11-16,0.0002587
2023-11-17,0.00750748
2023-11-20,0.00701788
2023-11-21,-0.00434369
2023-11-22,0.00264777
2023-11-24,0.00162613
2023-11-27,-0.00178531
2023-11-28,-0.002011
2023-11-29,-0.00379161
2023-11-30,0.00545666
2023-12-01,0.00690349
2023-12-04,-0.00365138
2023-12-05,-0.00630553
2023-12-06,-0.00402324
2023-12-07,0.00450672
2023-12-08,0.00588469
2023-12-11,0.0077444
2023-12-12,0.00175371
2023-12-13,0.01362942
2023-12-14,0.01084411
2023-12-15,-0.00541112
2023-12-18,0.00386347
2023-12-19,0.00327177
2023-12-20,-0.01587361
2023-12-21,0.0125604
2023-12-22,0.00331571
2023-12-26,0.00795213
2023-12-27,-0.00056614
2023-12-28,-0.00335453
2023-12-29,-0.00109281
2024-01-02,-0.00695385
2024-01-03,-0.00429033
2024-01-04,-0.00384886
2024-01-05,0.00186488
2024-01-08,0.01173156
2024-01-09,-0.00047875
2024-01-10,0.00299984
2024-01-11,-0.00025545
2024-01-12,0.00775779
2024-01-16,-0.00528297
2024-01-17,-0.00923259
2024-01-18,0.00982735
2024-01-19,0.0100036
2024-01-22,-0.00067105
2024-01-23,0.00512726
2024-01-24,0.00178523
2024-01-25,0.00698702
2024-01-26,-0.00242923
2024-01-29,0.00643277
2024-01-30,0.00056957
2024-01-31,-0.01200771
2024-02-01,0.01557362
2024-02-02,0.00266746
2024-02-05,-0.00239129
2024-02-06,0.00166848
2024-02-07,0.00820215
2024-02-08,-0.00091608
2024-02-09,0.00245321
2024-02-12,0.00169234
2024-02-13,-0.01463058
2024-02-14,0.00979748
2024-02-15,0.00767772
2024-02-16,-0.00435161
2024-02-20,-0.00909402
2024-02-21,0.00463654
2024-02-22,0.01654894
2024-02-23,-0.00221228
2024-02-26,-0.00058904
2024-02-27,0.00607558
2024-02-28,-0.00190306
2024-02-29,0.0051856
2024-03-01,0.01483302
2024-03-04,0.00210984
2024-03-05,-0.00741271
2024-03-06,0.01024257
2024-03-07,0.01551786
2024-03-08,-0.01321018
2024-03-11,-0.00251938
2024-03-12,0.00793145
2024-03-13,-0.00252131
2024-03-14,-0.0048347
2024-03-15,-0.00086458
2024-03-18,0.00328815
2024-03-19,0.00474599
2024-03-20,0.00999173
2024-03-21,0.00595281
2024-03-22,0.00036034
2024-03-25,-0.00059674
2024-03-26,-0.00576485
2024-03-27,0.01036824
2024-03-28,0.00326454
2024-04-01,0.00514588
2024-04-02,-0.00259002
2024-04-03,0.00558711
2024-04-04,-0.0128211
2024-04-05,0.01036455
2024-04-08,-0.00176767
2024-04-09,0.00151725
2024-04-10,-0.00722456
2024-04-11,0.00841956
2024-04-12,-0.01602536
2024-04-15,-0.01255563
2024-04-16,-0.00326387
2024-04-17,-0.00596046
2024-04-18,-0.00412552
2024-04-19,-0.0070712
2024-04-22,0.00842197
2024-04-23,0.01212191
2024-04-24,-0.00070384
2024-04-25,0.00429462
2024-04-26,0.00574606
2024-04-29,0.00773186
2024-04-30,-0.01935298
2024-05-01,-0.0034675
2024-05-02,0.01096303
2024-05-03,0.01175659
2024-05-06,0.01346641
2024-05-07,0.00014944
2024-05-08,-0.00018858
2024-05-09,0.00969559
2024-05-10,0.0003851
2024-05-13,-0.00100772
2024-05-14,0.00615844
2024-05-15,0.01437844
2024-05-16,-0.00348971
2024-05-17,0.00473478
2024-05-20,0.00515456
2024-05-21,0.00074437
2024-05-22,-0.00610168
2024-05-23,-0.00734557
2024-05-24,0.00834151
2024-05-28,0.00366465
2024-05-29,-0.01266935
2024-05-30,-0.00156642
2024-05-31,0.00911782
2024-06-03,-0.00654119
2024-06-04,-0.00414382
2024-06-05,0.01187183
2024-06-06,-0.00166568
2024-06-07,-0.00551859
2024-06-10,0.00817519
2024-06-11,-0.00408654
2024-06-12,0.00932348
2024-06-13,0.00266069
2024-06-14,-0.00369135
2024-06-17,0.00507568
2024-06-18,0.0062837
2024-06-20,-0.00113632
2024-06-21,-0.00610364
2024-06-24,-0.00261984
2024-06-25,0.00343853
2024-06-26,-0.00312919
2024-06-27,2.92e-06
2024-06-28,-0.0021218
2024-07-01,-0.00088265
2024-07-02,0.00396498
2024-07-03,0.00990703
2024-07-05,-0.00146832
2024-07-08,0.00264474
2024-07-09,-0.00058077
2024-07-10,0.01496556
2024-07-11,-0.00234409
2024-07-12,0.00648925
2024-07-15,-0.00106749
2024-07-16,0.00559278
2024-07-17,-0.0221988
2024-07-18,-0.00441566
2024-07-19,-0.00964616
2024-07-22,0.01254739
2024-07-23,-0.00658026
2024-07-24,-0.02008895
2024-07-25,-0.0041696
2024-07-26,0.01166961
2024-07-29,-0.00425461
2024-07-30,-0.00521477
2024-07-31,0.02554723
2024-08-01,-0.02550215
2024-08-02,-0.02629649
2024-08-05,-0.02456933
2024-08-06,0.01074668
2024-08-07,-0.00617212
2024-08-08,0.02660537
2024-08-09,0.00207079
2024-08-12,0.00311854
2024-08-13,0.01393232
2024-08-14,0.00315465
2024-08-15,0.01752969
2024-08-16,0.00012545
2024-08-19,0.00981578
2024-08-20,-0.00671895
2024-08-21,0.00565593
2024-08-22,-0.01078801
2024-08-23,0.01735477
2024-08-26,-0.00386153
2024-08-27,0.00050513
2024-08-28,-0.0091089
2024-08-29,-1.858e-05
2024-08-30,0.01082653
2024-09-03,-0.03231171
2024-09-04,-0.00124774
2024-09-05,-0.00635935
2024-09-06,-0.01950327
2024-09-09,0.01294219
2024-09-10,0.00413669
2024-09-11,0.0164857
2024-09-12,0.00772699
2024-09-13,0.00622305
2024-09-16,0.00211592
2024-09-17,0.00107782
2024-09-18,-0.0046953
2024-09-19,0.01940852
2024-09-20,0.00524139
2024-09-23,0.00916989
2024-09-24,0.00671497
2024-09-25,-0.00173021
2024-09-26,0.00353808
2024-09-27,0.00084104
2024-09-30,4.217e-05
2024-10-01,-0.00025035
2024-10-02,0.00595026
2024-10-03,0.00293799
2024-10-04,0.00972976
2024-10-07,-0.0069172
2024-10-08,0.00253916
2024-10-09,0.00294239
2024-10-10,-0.00034814
2024-10-11,0.00880788
2024-10-14,0.00941867
2024-10-15,-0.01713463
2024-10-16,0.01514571
2024-10-17,0.00207686
2024-10-18,0.00478844
2024-10-21,-0.00101191
2024-10-22,-0.00497906
2024-10-23,-0.00853558
2024-10-24,-0.00057333
2024-10-25,-0.00069667
2024-10-28,0.00271913
2024-10-29,-0.00155051
2024-10-30,-0.00776003
2024-10-31,-0.0131852
2024-11-01,-0.00093064
2024-11-04,-0.00512167
2024-11-05,0.01193433
2024-11-06,0.02219517
2024-11-07,0.01108183
2024-11-08,0.00327847
2024-11-11,-0.00234904
2024-11-12,-0.00721547
2024-11-13,-0.0029123
2024-11-14,-0.00390565
2024-11-15,-0.01092401
2024-11-18,0.01155141
2024-11-19,0.00410487
2024-11-20,-0.00012211
2024-11-21,0.01470274
2024-11-22,0.00179072
2024-11-25,-0.00466188
2024-11-26,0.0020511
2024-11-27,-0.00463825
2024-11-29,0.00814799
2024-12-02,-0.00320541
2024-12-03,-0.00236241
2024-12-04,0.00148111
2024-12-05,-0.00376865
2024-12-06,-0.0041816
2024-12-09,-0.01092812
2024-12-10,-0.00910036
2024-12-11,0.00617421
2024-12-12,-0.00824644
2024-12-13,0.00183339
2024-12-16,-0.00256832
2024-12-17,-0.00736601
2024-12-18,-0.02885367
2024-12-19,-0.00196113
2024-12-20,0.01138607
2024-12-23,0.01038267
2024-12-24,0.00761003
2024-12-26,-0.00012683
2024-12-27,-0.00725054
2024-12-30,-0.00945574
2024-12-31,-0.00210213
2025-01-02,0.00854923
2025-01-03,0.01730695
2025-01-06,0.00799036
2025-01-07,-0.0096503
2025-01-08,-0.00328389
2025-01-10,-0.00986298
2025-01-13,-0.00054491
2025-01-14,0.00663509
2025-01-15,0.01628665
2025-01-16,0.00604946
2025-01-17,0.01042151
2025-01-21,0.01619825
2025-01-22,0.003624
2025-01-23,0.00788623
2025-01-24,-0.00611706
2025-01-27,-0.04171831
2025-01-28,0.00452605
2025-01-29,0.00069892
2025-01-30,0.01398589
2025-01-31,-0.01047922
2025-02-03,-0.00513477
2025-02-04,0.00811112
2025-02-05,0.00955937
2025-02-06,-0.00425789
2025-02-07,-0.00157233
2025-02-10,0.01200539
2025-02-11,-0.00067645
2025-02-12,-0.00447974
2025-02-13,0.00617132
2025-02-14,-0.00384357
2025-02-18,0.00830705
2025-02-19,0.00097101
2025-02-20,-0.00160516
2025-02-21,-0.02133818
2025-02-24,-0.01015795
2025-02-25,-0.0085939
2025-02-26,0.006634
2025-02-27,-0.02336536
2025-02-28,0.01389446
2025-03-03,-0.02473934
2025-03-04,-0.00392127
2025-03-05,0.0073284
2025-03-06,-0.02001332
2025-03-07,0.01242476
2025-03-10,-0.02006994
2025-03-11,-0.00310979
2025-03-12,0.00758018
2025-03-13,-0.00802116
2025-03-14,0.02410478
2025-03-17,0.01137346
2025-03-18,-0.00854894
2025-03-19,0.01205925
2025-03-20,-0.0004519
2025-03-21,-0.0051922
2025-03-24,0.01612034
2025-03-25,-0.00428653
2025-03-26,-0.01156754
2025-03-27,-0.00932896
2025-03-28,-0.01545515
2025-03-31,0.00334652
2025-04-01,0.00431233
2025-04-02,0.00636315
2025-04-03,-0.0513769
2025-04-04,-0.06790137
2025-04-07,-0.00181377
2025-04-08,-0.01423091
2025-04-09,0.09704137
2025-04-10,-0.03896097
2025-04-11,0.02133712
2025-04-14,0.00806138
2025-04-15,-0.00040502
2025-04-16,-0.01594378
2025-04-17,0.00488743
2025-04-21,-0.02560491
2025-04-22,0.0228749
2025-04-23,0.01680783
2025-04-24,0.0256489
2025-04-25,0.00369645
2025-04-28,0.00392947
2025-04-29,0.0032919
2025-04-30,-0.00319074
2025-05-01,0.00536979
2025-05-02,0.0178382
2025-05-05,-0.00662872
2025-05-06,-0.00081197
2025-05-07,0.00700858
2025-05-08,0.0049175
2025-05-09,0.00384581
2025-05-12,0.0287366
2025-05-13,0.01228524
2025-05-14,0.00065384
2025-05-15,0.00614244
2025-05-16,0.00492478
2025-05-19,-2.752e-05
2025-05-20,-0.00309772
2025-05-21,-0.01616583
2025-05-22,-0.00216812
2025-05-23,0.01083451
2025-05-27,0.0200448
2025-05-28,-0.00786892
2025-05-29,0.00092479
2025-05-30,-0.00320232
2025-06-02,0.00587377
2025-06-03,0.01153509
2025-06-04,-0.00310511
2025-06-05,-0.00307876
2025-06-06,0.01131206
2025-06-09,0.00569464
2025-06-10,0.00386503
2025-06-11,0.00970444
2025-06-12,0.00436765
2025-06-13,-0.0064102
2025-06-16,0.01282451
2025-06-17,-0.00679566
2025-06-18,0.00066611
2025-06-20,-0.00281038
2025-06-23,0.00466885
2025-06-24,0.01303821
2025-06-25,-0.00341618
2025-06-26,0.01048394
2025-06-27,0.00031423
2025-06-30,0.00488114
2025-07-01,-0.00418094
2025-07-02,0.00685481
2025-07-03,0.00625092
2025-07-07,-0.00545574
2025-07-08,0.00186585
2025-07-09,0.00258199
2025-07-10,0.00636925
2025-07-11,0.000508
2025-07-14,0.00293058
2025-07-15,-0.00265915
2025-07-16,0.0039882
2025-07-17,0.00639897
2025-07-18,0.00100825
2025-07-21,-0.00460317
2025-07-22,0.00056411
2025-07-23,0.01088477
2025-07-24,0.00477769
2025-07-25,0.00256349
2025-07-28,-0.00044135
2025-07-29,-0.00144811
2025-07-30,-0.0007732
2025-07-31,-0.00854916
2025-08-01,-0.01460082
2025-08-04,0.01678327
2025-08-05,-0.00098711
2025-08-06,4.614e-05
2025-08-07,0.00065668
2025-08-08,0.00303466
2025-08-11,-0.00375728
2025-08-12,0.01180064
2025-08-13,0.00133909
2025-08-14,-0.00221647
2025-08-15,-0.00438308
2025-08-18,-0.00031429
2025-08-19,-0.01057383
2025-08-20,-0.00211744
2025-08-21,9.587e-05
2025-08-22,0.01920779
2025-08-25,-0.00376387
2025-08-26,0.00903203
2025-08-27,0.00027568
2025-08-28,0.00487361
2025-08-29,-0.00746713
2025-09-02,-0.00585073
2025-09-03,-0.00205374
2025-09-04,0.00473377
2025-09-05,-0.0014743
2025-09-08,0.00386349
2025-09-09,0.00371501
2025-09-10,0.00981724
2025-09-11,0.00666307
2025-09-12,-0.003337
2025-09-15,0.01241846
2025-09-16,-0.00435428
2025-09-17,-0.00101236
2025-09-18,0.01264451
2025-09-19,0.00757877
2025-09-22,0.00932455
2025-09-23,0.00087012
2025-09-24,-0.00325203
2025-09-25,-0.00121858
2025-09-26,0.00571634
2025-09-29,6.015e-05
2025-09-30,0.00282048
2025-10-01,0.00933575
2025-10-02,0.00570111
2025-10-03,0.00129546
2025-10-06,0.0106979
2025-10-07,-0.00375024
2025-10-08,0.00770034
2025-10-09,-0.0039219
2025-10-10,-0.02601838
2025-10-13,0.02385038
2025-10-14,0.00278636
2025-10-15,0.0088811
2025-10-16,-0.00906272
2025-10-17,-0.00313223
2025-10-20,0.008239
2025-10-21,-0.00779983
2025-10-22,-0.00736564
2025-10-23,0.01090105
2025-10-24,0.01018481
2025-10-27,0.00729034
2025-10-28,0.0047645
2025-10-29,0.00771678
2025-10-30,-0.0061168
2025-10-31,-0.00154807
2025-11-03,-0.00395348
2025-11-04,-0.01962098
2025-11-05,0.00489266
2025-11-06,-0.0130843
2025-11-07,0.00448428
2025-11-10,0.01492549
2025-11-11,-0.00351905
2025-11-12,0.00178088
2025-11-13,-0.01964684
2025-11-14,0.00180022
2025-11-17,-0.01102119
2025-11-18,-0.00529079
2025-11-19,0.0049557
2025-11-20,-0.0241888
2025-11-21,0.00462629
2025-11-24,0.01698072
2025-11-25,0.00508207
2025-11-26,0.01096784
2025-11-28,0.00871066
2025-12-01,-0.00738735
2025-12-02,0.00527517
2025-12-03,0.0100864
2025-12-04,0.00625114
2025-12-05,-0.00400675
2025-12-08,-0.00278819
2025-12-09,6.077e-05
2025-12-10,0.00763064
2025-12-11,0.00504468
2025-12-12,-0.02237517
2025-12-15,-0.00423539
2025-12-16,-0.00769617
2025-12-17,-0.01396393
2025-12-18,0.01002073
2025-12-19,0.01317465
2025-12-22,0.0084811
2025-12-23,0.00433452
2025-12-24,0.00214645
2025-12-26,-0.00201505
2025-12-29,-0.00129292
2025-12-30,-0.00220037
2025-12-31,-0.00605904
2026-01-02,0.02314678
2026-01-05,0.01325961
2026-01-06,0.0058198
2026-01-07,-0.00726137
2026-01-08,0.00035446
2026-01-09,0.01158966
2026-01-12,0.00406055
2026-01-13,0.00097886
2026-01-14,0.00528151
2026-01-15,0.0052801
2026-01-16,0.00497199
2026-01-20,-0.01556015
2026-01-21,0.01906787
2026-01-22,0.00256276
2026-01-23,-0.00184897
2026-01-26,-0.00163057
2026-01-27,0.01423785
2026-01-28,0.01162041
2026-01-29,-0.00392629
2026-01-30,-0.01468762
2026-02-02,-0.00268563
2026-02-03,0.00644196
2026-02-04,-0.01422554
2026-02-05,-0.01355578
2026-02-06,0.03143258
2026-02-09,0.01143893
2026-02-10,-0.00348242
2026-02-11,0.01091772
2026-02-12,-0.01525505
2026-02-13,0.00703507
2026-02-17,-0.00077061
2026-02-18,0.00805415
2026-02-19,0.00340812
2026-02-20,0.00403383
2026-02-23,-0.00559357
2026-02-24,0.01126025
2026-02-25,0.00470026
2026-02-26,-0.00752824
2026-02-27,-0.00061606
2026-03-02,0.00874839
2026-03-03,-0.0230546
2026-03-04,0.00818435
2026-03-05,-0.0125514
2026-03-06,-0.01542524
2026-03-09,0.01393613
2026-03-10,-0.00036627
2026-03-11,0.00224847
2026-03-12,-0.01164457
2026-03-13,-0.00506568
2026-03-16,0.00969908
2026-03-17,0.00484447
2026-03-18,-0.0114371
2026-03-19,-0.00100007
2026-03-20,-0.02154052
2026-03-23,0.01443513
2026-03-24,0.00532809
2026-03-25,0.00847271
2026-03-26,-0.0195419
2026-03-27,-0.00712228
2026-03-30,-0.01293625
2026-03-31,0.02772863
2026-04-01,0.00499417
2026-04-02,0.00072522
2026-04-06,0.00354492
2026-04-07,0.00119786
2026-04-08,0.02446093
2026-04-09,0.00316562
2026-04-10,-3.957e-05
2026-04-13,0.00843805
2026-04-14,0.00667632
2026-04-15,0.00287231
2026-04-16,0.00439387
2026-04-17,0.00586464
2026-04-20,-0.00087556
2026-04-21,-0.00941753
2026-04-22,0.0175718
2026-04-23,0.00444716
2026-04-24,0.00700304
2026-04-27,0.00288339
2026-04-28,-0.01079026
2026-04-29,0.00066176
2026-04-30,0.02189937
2026-05-01,-0.0033908
2026-05-04,-0.00267472
2026-05-05,0.00762903
2026-05-06,0.01615115
2026-05-07,-0.01480252
2026-05-08,0.00605672
2026-05-11,0.01525169
2026-05-12,-0.00927917
2026-05-13,-5.783e-05
2026-05-14,0.00477965
2026-05-15,-0.016521
2026-05-18,-0.00345549
2026-05-19,-0.00309518
2026-05-20,0.01094246
2026-05-21,0.00404817
2026-05-22,0.00829096
2026-05-26,0.01162956
2026-05-27,-0.00678416
2026-05-28,0.00317331
2026-05-29,-0.00102707
2026-06-01,0.00172307
2026-06-02,0.01878172
2026-06-03,-0.00524302
2026-06-04,0.00054772
2026-06-05,-0.03726884
2026-06-08,0.01033065
2026-06-09,-0.00710854
2026-06-10,-0.01751914
2026-06-11,0.02509516
2026-06-12,0.01021684
